"","genes","pathway","pv","bh"
"1","AC25332387","PathWay_23",0.433550449953099,0.934987280060885
"2","AC98931574","PathWay_13",0.077193278929529,0.934987280060885
"3","AE13438549","PathWay_5",0.332309846210057,0.934987280060885
"4","AE22916665","PathWay_22",0.315818152374953,0.934987280060885
"5","AE24589591","PathWay_2",0.314794087347449,0.934987280060885
"6","AE55175974","PathWay_1",0.667580852804788,0.962574089839767
"7","AF25247675","PathWay_10",0.824086034592379,0.973329817940379
"8","AG15241425","PathWay_24",0.0641094560093606,0.934987280060885
"9","AG41824223","PathWay_25",0.256119371031172,0.934987280060885
"10","AH14438993","PathWay_1",0.742814737429417,0.962574089839767
"11","AH35691596","PathWay_2",0.122511528818275,0.934987280060885
"12","AH82984238","PathWay_1",0.934205087000441,0.994838346048221
"13","AI73867943","PathWay_11",0.427307438353593,0.934987280060885
"14","AJ84656999","PathWay_2",0.002456921608545,0.618942427501664
"15","AJ89272662","PathWay_15",0.144548614493729,0.934987280060885
"16","AK33666889","PathWay_9",0.50773586001598,0.962574089839767
"17","AL35399596","PathWay_8",0.833325294522938,0.973723185611453
"18","AM19673545","PathWay_24",0.901112038567801,0.985958076141315
"19","AM45165886","PathWay_2",0.635620869202535,0.962574089839767
"20","AM47386389","PathWay_7",0.277800122915737,0.934987280060885
"21","AM64933662","PathWay_2",0.609074410362228,0.962574089839767
"22","AM87527558","PathWay_4",0.0288969833927681,0.934987280060885
"23","AN56759883","PathWay_17",0.998026027640231,0.999025052692924
"24","AO32536647","PathWay_2",0.347636292283793,0.934987280060885
"25","AQ73133916","PathWay_5",0.157295921650552,0.934987280060885
"26","AQ77873375","PathWay_23",0.423477628139397,0.934987280060885
"27","AR93651154","PathWay_20",0.0646005311840973,0.934987280060885
"28","AT26319587","PathWay_18",0.17159954117761,0.934987280060885
"29","AT73643453","PathWay_3",0.146880470835668,0.934987280060885
"30","AU88154565","PathWay_7",0.221133043121078,0.934987280060885
"31","AV49223549","PathWay_8",0.101330218826074,0.934987280060885
"32","AW15637672","PathWay_17",0.841629631220536,0.976398935549108
"33","AX45522351","PathWay_17",0.878547893089829,0.981138468131148
"34","AX76975867","PathWay_17",0.439730556713632,0.936427095595208
"35","AX84592277","PathWay_23",0.715833646681373,0.962574089839767
"36","AZ97572671","PathWay_24",0.625117231644181,0.962574089839767
"37","BC72332381","PathWay_23",0.332261956720948,0.934987280060885
"38","BD18894675","PathWay_9",0.424089531498191,0.934987280060885
"39","BD23983952","PathWay_20",0.278036391672916,0.934987280060885
"40","BD73165844","PathWay_8",0.79790916077963,0.968653683616056
"41","BE26364293","PathWay_2",0.659344520340665,0.962574089839767
"42","BE83969843","PathWay_8",0.661206279469428,0.962574089839767
"43","BE95371561","PathWay_21",0.601456100330759,0.962574089839767
"44","BH28476991","PathWay_1",0.986165493739581,0.996649168361176
"45","BJ67438935","PathWay_17",0.313974978139569,0.934987280060885
"46","BK27447819","PathWay_20",0.677146934617274,0.962574089839767
"47","BL85714338","PathWay_20",0.256599909116965,0.934987280060885
"48","BN61789319","PathWay_8",0.436210412072305,0.934987280060885
"49","BO25687291","PathWay_19",0.362110679925367,0.934987280060885
"50","BO31614391","PathWay_19",0.872349916014838,0.981138468131148
"51","BO67286475","PathWay_20",0.6535581747084,0.962574089839767
"52","BP19254693","PathWay_21",0.599616719781068,0.962574089839767
"53","BP35995597","PathWay_4",0.878843394222973,0.981138468131148
"54","BP52844562","PathWay_8",0.281714648005861,0.934987280060885
"55","BR39726513","PathWay_17",0.120780583649748,0.934987280060885
"56","BS15823579","PathWay_15",0.64079800926192,0.962574089839767
"57","BS97267979","PathWay_18",0.30716840255958,0.934987280060885
"58","BU32841628","PathWay_2",0.1320159036893,0.934987280060885
"59","BU57427114","PathWay_25",0.103433327012547,0.934987280060885
"60","BU92525911","PathWay_7",0.283130224959809,0.934987280060885
"61","BV43518435","PathWay_13",0.299756716612274,0.934987280060885
"62","BV48324839","PathWay_16",0.722123331329693,0.962574089839767
"63","BW75452112","PathWay_4",0.609166688975993,0.962574089839767
"64","BY25234592","PathWay_9",0.382043902450919,0.934987280060885
"65","BZ61614239","PathWay_11",0.665190215015892,0.962574089839767
"66","BZ69677625","PathWay_21",0.31074925406631,0.934987280060885
"67","BZ84349491","PathWay_18",0.853464363910143,0.979945583007614
"68","CA56552754","PathWay_22",0.604938756348705,0.962574089839767
"69","CA87881489","PathWay_16",0.48125427238861,0.962574089839767
"70","CA92418522","PathWay_16",0.237214078934749,0.934987280060885
"71","CD13686288","PathWay_22",0.955824841036479,0.994838346048221
"72","CD17862289","PathWay_9",0.541546790168375,0.962574089839767
"73","CD29179451","PathWay_17",0.0225580680422087,0.934987280060885
"74","CD93377827","PathWay_24",0.211816774534806,0.934987280060885
"75","CF27426517","PathWay_6",0.295633652830375,0.934987280060885
"76","CF43425577","PathWay_10",0.772016684784575,0.967439454617262
"77","CF95412511","PathWay_11",0.919052255783475,0.991426381643447
"78","CG98396247","PathWay_7",0.315775918257242,0.934987280060885
"79","CH16915862","PathWay_6",0.63531090211506,0.962574089839767
"80","CH59932921","PathWay_12",0.713682153216264,0.962574089839767
"81","CH72335193","PathWay_15",0.382860452718066,0.934987280060885
"82","CH86537125","PathWay_15",0.0668539882720192,0.934987280060885
"83","CH87916424","PathWay_6",0.751053156305854,0.962852830161757
"84","CI29439682","PathWay_14",0.435366192460328,0.934987280060885
"85","CI32878418","PathWay_18",0.415542961368441,0.934987280060885
"86","CJ56729222","PathWay_3",0.580875243668119,0.962574089839767
"87","CJ82619458","PathWay_16",0.13299106505393,0.934987280060885
"88","CL21482559","PathWay_15",0.264145905414058,0.934987280060885
"89","CL94812271","PathWay_23",0.402264261496958,0.934987280060885
"90","CM37195814","PathWay_15",0.491529159342243,0.962574089839767
"91","CM78286364","PathWay_25",0.826357015431382,0.973329817940379
"92","CN61568522","PathWay_8",0.527889918756377,0.962574089839767
"93","CO52755195","PathWay_7",0.277610714435165,0.934987280060885
"94","CO61426116","PathWay_7",0.820974380151279,0.973329817940379
"95","CP89735755","PathWay_20",0.786879381771262,0.968653683616056
"96","CQ43243268","PathWay_25",0.49891841708783,0.962574089839767
"97","CQ69741786","PathWay_15",0.663873350729463,0.962574089839767
"98","CQ71179471","PathWay_2",0.479704316527307,0.962574089839767
"99","CR92799518","PathWay_2",0.385035899938326,0.934987280060885
"100","CT95493787","PathWay_15",0.720038155975684,0.962574089839767
"101","CU35136722","PathWay_1",0.124140362245103,0.934987280060885
"102","CW62959622","PathWay_25",0.721084122896591,0.962574089839767
"103","CW68175669","PathWay_18",0.795158677162938,0.968653683616056
"104","CY27156245","PathWay_4",0.725072073994624,0.962574089839767
"105","DA35855739","PathWay_11",0.259149616431661,0.934987280060885
"106","DA55972156","PathWay_1",0.97364156171611,0.996562499197656
"107","DA74192662","PathWay_1",0.337383100506706,0.934987280060885
"108","DA78462887","PathWay_4",0.651053598518664,0.962574089839767
"109","DA87889336","PathWay_25",0.170978174147663,0.934987280060885
"110","DB19148289","PathWay_16",0.831597447368813,0.973723185611453
"111","DC45128569","PathWay_3",0.187631844488866,0.934987280060885
"112","DE61224186","PathWay_5",0.24128132222249,0.934987280060885
"113","DG82517294","PathWay_17",0.489491194694494,0.962574089839767
"114","DI12912125","PathWay_19",0.679803330139681,0.962574089839767
"115","DI86145268","PathWay_7",0.623015368284682,0.962574089839767
"116","DJ48767285","PathWay_7",0.293134102962277,0.934987280060885
"117","DK47447473","PathWay_13",0.373783114136896,0.934987280060885
"118","DK87369764","PathWay_21",0.925342298444962,0.994838346048221
"119","DM19985444","PathWay_13",0.0575780188639803,0.934987280060885
"120","DN43176271","PathWay_25",0.317551732897062,0.934987280060885
"121","DN51384443","PathWay_1",0.0831123070053414,0.934987280060885
"122","DN51871282","PathWay_17",0.623435778503334,0.962574089839767
"123","DO44751215","PathWay_13",0.702382263544687,0.962574089839767
"124","DO56982671","PathWay_23",0.680749827401404,0.962574089839767
"125","DP52851632","PathWay_14",0.986721862074034,0.996649168361176
"126","DQ42432948","PathWay_25",0.289232502721162,0.934987280060885
"127","DQ58593135","PathWay_21",0.705673589335666,0.962574089839767
"128","DS29852171","PathWay_2",0.775792209178975,0.96825861996432
"129","DT59615393","PathWay_2",0.0404075937178296,0.934987280060885
"130","DT82799426","PathWay_13",0.653011392731574,0.962574089839767
"131","DW33979119","PathWay_13",0.74484356000055,0.962574089839767
"132","DW59774921","PathWay_23",0.916305778183129,0.991426381643447
"133","DX33985282","PathWay_19",0.659042475748395,0.962574089839767
"134","DX37928756","PathWay_23",0.584464238213293,0.962574089839767
"135","DX88489137","PathWay_14",0.329347838543684,0.934987280060885
"136","DY89728648","PathWay_13",0.182206480818958,0.934987280060885
"137","DZ57312735","PathWay_10",0.0354470707934985,0.934987280060885
"138","DZ92715882","PathWay_18",0.881062344381771,0.981138468131148
"139","EA15987669","PathWay_19",0.409530589901089,0.934987280060885
"140","EA62942527","PathWay_25",0.0434468191268597,0.934987280060885
"141","EB22544268","PathWay_8",0.673485544600385,0.962574089839767
"142","EC52467247","PathWay_16",0.297721705769894,0.934987280060885
"143","EC67147812","PathWay_22",0.787004175552142,0.968653683616056
"144","ED26767362","PathWay_9",0.227209682639315,0.934987280060885
"145","ED63233583","PathWay_19",0.421690483200621,0.934987280060885
"146","ED77479675","PathWay_11",0.581037972723476,0.962574089839767
"147","EF23145785","PathWay_25",0.475902307839113,0.962574089839767
"148","EG59396977","PathWay_2",0.970440273830969,0.994838346048221
"149","EG78719373","PathWay_9",0.123220560796124,0.934987280060885
"150","EH33626289","PathWay_12",0.662665585675026,0.962574089839767
"151","EH69139546","PathWay_14",0.843805126409348,0.976398935549108
"152","EH71947869","PathWay_19",0.13353188475835,0.934987280060885
"153","EH76844857","PathWay_5",0.186858028792126,0.934987280060885
"154","EI17278145","PathWay_17",0.754121658332243,0.964349946716423
"155","EI34478162","PathWay_22",0.631907574378016,0.962574089839767
"156","EK16782182","PathWay_23",0.89317386376748,0.985843116741148
"157","EL69649615","PathWay_18",0.351083831113665,0.934987280060885
"158","EM48992765","PathWay_24",0.376644572843931,0.934987280060885
"159","EN88376195","PathWay_13",0.59633376677084,0.962574089839767
"160","EO72733881","PathWay_14",0.739595172892087,0.962574089839767
"161","EO76685539","PathWay_6",0.174951426360855,0.934987280060885
"162","EO79172138","PathWay_5",0.0257633412078839,0.934987280060885
"163","EP47656222","PathWay_16",0.332557157954427,0.934987280060885
"164","EP55178378","PathWay_12",0.0751851694796253,0.934987280060885
"165","EP87828336","PathWay_17",0.793223246394303,0.968653683616056
"166","ER13248911","PathWay_23",0.730534236839704,0.962574089839767
"167","ES14432759","PathWay_1",0.604979049596261,0.962574089839767
"168","ET61789724","PathWay_25",0.699241777070975,0.962574089839767
"169","EU38974998","PathWay_24",0.870927132842549,0.981138468131148
"170","EU65897949","PathWay_25",0.98789269064647,0.996649168361176
"171","EU82724162","PathWay_15",0.0278106632934316,0.934987280060885
"172","EV52978158","PathWay_18",0.763215966105164,0.967320616102869
"173","EW34183772","PathWay_16",0.807624706227568,0.969227901571036
"174","EW37113864","PathWay_15",0.722345991746994,0.962574089839767
"175","EW82152934","PathWay_22",0.458391168470549,0.957598094214284
"176","EX35543354","PathWay_23",0.849624366684905,0.977703528981479
"177","EX36878421","PathWay_24",0.8751352596287,0.981138468131148
"178","EX71893944","PathWay_12",0.500630231602449,0.962574089839767
"179","EY82684462","PathWay_4",0.299962433941542,0.934987280060885
"180","EY85692759","PathWay_8",0.0747491738130057,0.934987280060885
"181","EZ12962835","PathWay_19",0.618993361139429,0.962574089839767
"182","FA59161479","PathWay_4",0.901165681593162,0.985958076141315
"183","FA95437634","PathWay_20",0.686953617955493,0.962574089839767
"184","FB37828516","PathWay_14",0.368118146479762,0.934987280060885
"185","FB44724468","PathWay_11",0.272371100712082,0.934987280060885
"186","FC17936581","PathWay_11",0.879274720696854,0.981138468131148
"187","FD13464187","PathWay_21",0.946725800953675,0.994838346048221
"188","FD18982989","PathWay_6",0.225722380971313,0.934987280060885
"189","FD28917425","PathWay_24",0.627902108469515,0.962574089839767
"190","FD82537497","PathWay_18",0.80079649189753,0.968653683616056
"191","FE29165982","PathWay_17",0.06118625116655,0.934987280060885
"192","FH25323554","PathWay_17",0.833573969940847,0.973723185611453
"193","FH32737313","PathWay_18",0.280296791011029,0.934987280060885
"194","FI24325259","PathWay_20",0.491837237463221,0.962574089839767
"195","FI76569187","PathWay_3",0.209056772234513,0.934987280060885
"196","FK26177936","PathWay_19",0.779163540293418,0.96825861996432
"197","FK97783741","PathWay_2",0.918475620115321,0.991426381643447
"198","FL81745646","PathWay_22",0.209344170650706,0.934987280060885
"199","FM53142991","PathWay_21",0.848607177030178,0.977658038053201
"200","FM66926269","PathWay_12",0.130711494943246,0.934987280060885
"201","FN63431129","PathWay_6",0.235025779303107,0.934987280060885
"202","FN77284883","PathWay_3",0.0774238963700408,0.934987280060885
"203","FO53493877","PathWay_7",0.125163207530106,0.934987280060885
"204","FO86285165","PathWay_24",0.905344915573141,0.988367811761071
"205","FQ28326853","PathWay_12",0.616084194946994,0.962574089839767
"206","FQ86559897","PathWay_5",0.354889970012093,0.934987280060885
"207","FR75345766","PathWay_24",0.182660199132188,0.934987280060885
"208","FS95637213","PathWay_6",0.631307080014973,0.962574089839767
"209","FS97343388","PathWay_1",0.197427198169373,0.934987280060885
"210","FT88126259","PathWay_5",0.705856228718082,0.962574089839767
"211","FW51428832","PathWay_10",0.530123439187335,0.962574089839767
"212","FW99125676","PathWay_10",0.344048436578811,0.934987280060885
"213","FX76672953","PathWay_19",0.420063005839439,0.934987280060885
"214","FZ61635219","PathWay_2",0.874555879787471,0.981138468131148
"215","FZ93844786","PathWay_23",0.834629625028398,0.973723185611453
"216","GA65586677","PathWay_4",0.720707946183997,0.962574089839767
"217","GB64784364","PathWay_9",0.233901329520866,0.934987280060885
"218","GB84844771","PathWay_19",0.442191331203264,0.936846040684882
"219","GC22587618","PathWay_5",0.610876895847795,0.962574089839767
"220","GD79675989","PathWay_6",0.784653131784653,0.968653683616056
"221","GE56745558","PathWay_2",0.20440997447266,0.934987280060885
"222","GH85647858","PathWay_4",0.430868818003697,0.934987280060885
"223","GI57355859","PathWay_3",0.505051247834715,0.962574089839767
"224","GI85234912","PathWay_4",0.927081827306512,0.994838346048221
"225","GI89179447","PathWay_5",0.00354827638664945,0.70965527732989
"226","GK26684847","PathWay_19",0.337382129265045,0.934987280060885
"227","GL15229712","PathWay_21",0.240462800345428,0.934987280060885
"228","GM67374315","PathWay_24",0.602214017998393,0.962574089839767
"229","GN24166382","PathWay_22",0.553486446533695,0.962574089839767
"230","GN84484711","PathWay_12",0.134238233883093,0.934987280060885
"231","GO35338512","PathWay_16",0.642310681643148,0.962574089839767
"232","GP12969686","PathWay_16",0.467813889274557,0.962574089839767
"233","GP47627438","PathWay_12",0.699962141007245,0.962574089839767
"234","GP98291164","PathWay_22",0.948050520963037,0.994838346048221
"235","GQ21928933","PathWay_4",0.722694115491279,0.962574089839767
"236","GQ56865762","PathWay_24",0.233849581850585,0.934987280060885
"237","GQ75612811","PathWay_24",0.237281091132351,0.934987280060885
"238","GR12984616","PathWay_12",0.213599564310409,0.934987280060885
"239","GR26464589","PathWay_17",0.898873501413485,0.985958076141315
"240","GR31894535","PathWay_15",0.364399732292638,0.934987280060885
"241","GR73511216","PathWay_1",0.880451336596031,0.981138468131148
"242","GR87538639","PathWay_7",0.0174389804471085,0.934987280060885
"243","GS24288277","PathWay_12",0.865202019088009,0.981138468131148
"244","GT72188849","PathWay_18",0.948045158811901,0.994838346048221
"245","GU39918743","PathWay_1",0.0653552162445949,0.934987280060885
"246","GU49626114","PathWay_6",0.561538409401547,0.962574089839767
"247","GV99243874","PathWay_15",0.0127621748726811,0.934987280060885
"248","GX25429289","PathWay_23",0.626126847358153,0.962574089839767
"249","GZ43112486","PathWay_18",0.969480621597588,0.994838346048221
"250","GZ56554757","PathWay_13",0.418248061521335,0.934987280060885
"251","GZ72747763","PathWay_14",0.530746290146677,0.962574089839767
"252","GZ78536143","PathWay_5",0.572441023276046,0.962574089839767
"253","HA23136893","PathWay_9",0.342858793314431,0.934987280060885
"254","HA26381233","PathWay_4",0.0831796433496716,0.934987280060885
"255","HA78885789","PathWay_22",0.423462638430815,0.934987280060885
"256","HB12749895","PathWay_8",0.231636052661905,0.934987280060885
"257","HC27775176","PathWay_19",0.570295771446571,0.962574089839767
"258","HD98251982","PathWay_3",0.670143712729675,0.962574089839767
"259","HE21439141","PathWay_17",0.912346046124971,0.989615373849793
"260","HE82386164","PathWay_10",0.658636735373914,0.962574089839767
"261","HF26197762","PathWay_3",0.231149202887181,0.934987280060885
"262","HF57868129","PathWay_12",0.100718908354285,0.934987280060885
"263","HF71624486","PathWay_16",0.0715697370107235,0.934987280060885
"264","HJ45539443","PathWay_3",0.083801634460279,0.934987280060885
"265","HJ56178518","PathWay_18",0.664179102872937,0.962574089839767
"266","HK19151769","PathWay_6",0.249255116233725,0.934987280060885
"267","HM52763841","PathWay_16",0.0214733629102879,0.934987280060885
"268","HM92288135","PathWay_21",0.739534459471217,0.962574089839767
"269","HN84179218","PathWay_20",0.984815865230079,0.996649168361176
"270","HO72251672","PathWay_10",0.334856806572378,0.934987280060885
"271","HO76215768","PathWay_14",0.83128905361632,0.973723185611453
"272","HO98268414","PathWay_19",0.426052531140402,0.934987280060885
"273","HP94228556","PathWay_16",0.0086469740542547,0.934987280060885
"274","HR34182191","PathWay_8",0.107729593270149,0.934987280060885
"275","HS25727188","PathWay_21",0.160329249760393,0.934987280060885
"276","HS42969176","PathWay_17",0.780202400614128,0.96825861996432
"277","HT27847913","PathWay_21",0.923223809471108,0.993782356804207
"278","HT61331763","PathWay_19",0.890351611416211,0.985843116741148
"279","HU29786483","PathWay_17",0.658337131252905,0.962574089839767
"280","HW35544956","PathWay_17",0.536168874541864,0.962574089839767
"281","HW96618392","PathWay_24",0.789671927954583,0.968653683616056
"282","HX19369281","PathWay_5",0.0984284700202818,0.934987280060885
"283","HY92656222","PathWay_1",0.979582378818389,0.996649168361176
"284","HZ28533741","PathWay_17",0.67654866167663,0.962574089839767
"285","IA83541954","PathWay_24",0.180284605178418,0.934987280060885
"286","IC49713258","PathWay_6",0.360480234849515,0.934987280060885
"287","ID66185642","PathWay_3",0.0677828267494293,0.934987280060885
"288","ID72652288","PathWay_23",0.335025402249563,0.934987280060885
"289","IF41173395","PathWay_5",0.460212078531369,0.958775163607019
"290","IF59773917","PathWay_21",0.741759693361055,0.962574089839767
"291","IJ27883213","PathWay_13",0.873630627189077,0.981138468131148
"292","IK55158366","PathWay_8",0.144950075709589,0.934987280060885
"293","IK79459656","PathWay_13",0.274578123742764,0.934987280060885
"294","IL14421833","PathWay_11",0.72492325276785,0.962574089839767
"295","IL64214983","PathWay_12",0.0819135865042547,0.934987280060885
"296","IM76833621","PathWay_7",0.547030624731285,0.962574089839767
"297","IM98461146","PathWay_15",0.880195565632709,0.981138468131148
"298","IO43684132","PathWay_2",0.95062049545161,0.994838346048221
"299","IP39623864","PathWay_24",0.430968370287039,0.934987280060885
"300","IR94273553","PathWay_5",0.823516381971268,0.973329817940379
"301","IS46771452","PathWay_2",0.27934087849842,0.934987280060885
"302","IS92597364","PathWay_21",0.1314472786333,0.934987280060885
"303","IT68584726","PathWay_20",0.370972419053761,0.934987280060885
"304","IU18133798","PathWay_25",0.846351905573671,0.977311669253662
"305","IU45174612","PathWay_14",0.739838602245836,0.962574089839767
"306","IU68623326","PathWay_5",0.79645536216368,0.968653683616056
"307","IV44214496","PathWay_8",0.60718213667339,0.962574089839767
"308","IW88816318","PathWay_19",0.876922384229229,0.981138468131148
"309","IX58179717","PathWay_3",0.426220092824361,0.934987280060885
"310","IX72118317","PathWay_4",0.315668855448345,0.934987280060885
"311","IY38187959","PathWay_2",0.447275323987242,0.944833395034432
"312","IY77636141","PathWay_14",0.636533597428225,0.962574089839767
"313","IZ28732584","PathWay_10",0.525543749591329,0.962574089839767
"314","IZ47456582","PathWay_23",0.598313204066335,0.962574089839767
"315","JA78425854","PathWay_24",0.202926417491187,0.934987280060885
"316","JC98474172","PathWay_18",0.515992364249413,0.962574089839767
"317","JD52356333","PathWay_4",0.612188456722761,0.962574089839767
"318","JD87956841","PathWay_10",0.505548164077982,0.962574089839767
"319","JE54261973","PathWay_15",0.655781357344363,0.962574089839767
"320","JE65449974","PathWay_22",0.667571290380155,0.962574089839767
"321","JF16824792","PathWay_2",0.505905081588965,0.962574089839767
"322","JF23776298","PathWay_18",0.209596864963464,0.934987280060885
"323","JF37955434","PathWay_18",0.00139975885845859,0.618942427501664
"324","JG42187417","PathWay_17",0.728348747981459,0.962574089839767
"325","JG79796684","PathWay_19",0.993895259210028,0.996649168361176
"326","JI68746592","PathWay_5",0.440405477587343,0.936427095595208
"327","JI77398353","PathWay_14",0.271244169148787,0.934987280060885
"328","JK26673394","PathWay_4",0.325555758702716,0.934987280060885
"329","JK92675848","PathWay_11",0.49843320549736,0.962574089839767
"330","JL62326796","PathWay_8",0.959195038547912,0.994838346048221
"331","JM45274865","PathWay_22",0.918397669368987,0.991426381643447
"332","JM65411237","PathWay_19",0.427528419829033,0.934987280060885
"333","JN31931421","PathWay_13",0.656452673521035,0.962574089839767
"334","JO79488799","PathWay_21",0.7416484192142,0.962574089839767
"335","JO82866484","PathWay_22",0.592422106235519,0.962574089839767
"336","JO86258519","PathWay_2",0.999818553982096,0.999818553982096
"337","JP55368766","PathWay_10",0.958211316463535,0.994838346048221
"338","JP97731494","PathWay_17",0.0943662816472155,0.934987280060885
"339","JQ24836197","PathWay_23",0.907355646133708,0.989482711159987
"340","JQ81564783","PathWay_3",0.10082007807363,0.934987280060885
"341","JS34176687","PathWay_12",0.563227667449376,0.962574089839767
"342","JS73124454","PathWay_19",0.398281425449379,0.934987280060885
"343","JT65175692","PathWay_12",0.165377135328907,0.934987280060885
"344","JT84848489","PathWay_9",0.627441118308063,0.962574089839767
"345","JU34962114","PathWay_6",0.31944475911217,0.934987280060885
"346","JU78978431","PathWay_1",0.489582438327349,0.962574089839767
"347","JU97674126","PathWay_2",0.489378360989244,0.962574089839767
"348","JV61959417","PathWay_11",0.770406100916615,0.967439454617262
"349","JV73153825","PathWay_16",0.441057162025343,0.936427095595208
"350","JW24882263","PathWay_19",0.31130397010894,0.934987280060885
"351","JW83989544","PathWay_24",0.232448700264284,0.934987280060885
"352","JX85159571","PathWay_13",0.0990034462585778,0.934987280060885
"353","JY14151675","PathWay_21",0.0261988434370345,0.934987280060885
"354","JY18793769","PathWay_25",0.414776256813348,0.934987280060885
"355","JY21146156","PathWay_9",0.419579823653688,0.934987280060885
"356","JY21769463","PathWay_8",0.138561167005547,0.934987280060885
"357","JY62616761","PathWay_22",0.173939075234713,0.934987280060885
"358","JZ84398977","PathWay_3",0.854239732482836,0.979945583007614
"359","KA36982531","PathWay_6",0.921613967047976,0.993118498974113
"360","KA79483244","PathWay_21",0.21168197176359,0.934987280060885
"361","KB33517128","PathWay_21",0.596220174254342,0.962574089839767
"362","KB41999713","PathWay_22",0.0925431354851726,0.934987280060885
"363","KB56215149","PathWay_15",0.783724618086582,0.968653683616056
"364","KB91918768","PathWay_14",0.37311107272676,0.934987280060885
"365","KC51481484","PathWay_16",0.588529546379967,0.962574089839767
"366","KC57195155","PathWay_9",0.161248293427834,0.934987280060885
"367","KC95196376","PathWay_9",0.377812735762299,0.934987280060885
"368","KF86194616","PathWay_14",0.887679497000352,0.984499865155577
"369","KG49838125","PathWay_12",0.219608126090282,0.934987280060885
"370","KG77946173","PathWay_16",0.386107483999128,0.934987280060885
"371","KH48551257","PathWay_18",0.0697156377761748,0.934987280060885
"372","KH77144982","PathWay_1",0.43157359782709,0.934987280060885
"373","KH97827814","PathWay_14",0.154772465429534,0.934987280060885
"374","KI12456179","PathWay_25",0.241150748730808,0.934987280060885
"375","KI58871825","PathWay_8",0.598946994066333,0.962574089839767
"376","KJ37227929","PathWay_25",0.268266914637227,0.934987280060885
"377","KJ63639758","PathWay_7",0.249253041340785,0.934987280060885
"378","KL14364565","PathWay_24",0.0142208568225447,0.934987280060885
"379","KL85935847","PathWay_10",0.182498345991852,0.934987280060885
"380","KN11651287","PathWay_2",0.770453489634996,0.967439454617262
"381","KN53712517","PathWay_18",0.36426752590262,0.934987280060885
"382","KO52369299","PathWay_5",0.549605978311794,0.962574089839767
"383","KQ33159213","PathWay_16",0.220819758769728,0.934987280060885
"384","KQ76777637","PathWay_3",0.418133227885157,0.934987280060885
"385","KR99268749","PathWay_14",0.506152416007806,0.962574089839767
"386","KS24224515","PathWay_3",0.946875107596304,0.994838346048221
"387","KT47796734","PathWay_14",0.0283370437719818,0.934987280060885
"388","KU21866336","PathWay_16",0.0419767186172977,0.934987280060885
"389","KU78129541","PathWay_24",0.419598783199698,0.934987280060885
"390","KV32976199","PathWay_24",0.818788394351407,0.973329817940379
"391","KV96544584","PathWay_10",0.820693745506625,0.973329817940379
"392","KW64425314","PathWay_10",0.468482000549596,0.962574089839767
"393","KW64976714","PathWay_22",0.698534016182696,0.962574089839767
"394","KX28262582","PathWay_7",0.591984842418582,0.962574089839767
"395","KX52992991","PathWay_11",0.479304117839157,0.962574089839767
"396","KX84769353","PathWay_4",0.567616155247349,0.962574089839767
"397","KY51245554","PathWay_3",0.130934836455838,0.934987280060885
"398","KY59534224","PathWay_12",0.810274525713386,0.969227901571036
"399","KZ18419494","PathWay_4",0.472828982167944,0.962574089839767
"400","KZ75718972","PathWay_18",0.255044540386485,0.934987280060885
"401","LB17369734","PathWay_5",0.475247883149808,0.962574089839767
"402","LB17768913","PathWay_6",0.364360857657226,0.934987280060885
"403","LB21389284","PathWay_17",0.584454504251642,0.962574089839767
"404","LB61856919","PathWay_20",0.551457090147398,0.962574089839767
"405","LB81489982","PathWay_10",0.687286295244429,0.962574089839767
"406","LD96529538","PathWay_21",0.809357978146638,0.969227901571036
"407","LF82252517","PathWay_17",0.619762830398364,0.962574089839767
"408","LG36872661","PathWay_19",0.767158047545431,0.967439454617262
"409","LG62492131","PathWay_1",0.06765777552837,0.934987280060885
"410","LH16967799","PathWay_11",0.361749598030767,0.934987280060885
"411","LI79638945","PathWay_10",0.210565352300688,0.934987280060885
"412","LJ35689182","PathWay_22",0.0495033146244529,0.934987280060885
"413","LK36514586","PathWay_2",0.454431911098407,0.954688888862199
"414","LK56579168","PathWay_9",0.769966591052013,0.967439454617262
"415","LM85122238","PathWay_14",0.638917004355826,0.962574089839767
"416","LN54817557","PathWay_11",0.260312213465738,0.934987280060885
"417","LN61183363","PathWay_9",0.500343755347608,0.962574089839767
"418","LN71226923","PathWay_9",0.539133100468967,0.962574089839767
"419","LN73651761","PathWay_6",0.433661188888946,0.934987280060885
"420","LO21234863","PathWay_19",0.741633556211914,0.962574089839767
"421","LO28872673","PathWay_22",0.656910649851325,0.962574089839767
"422","LP49441455","PathWay_19",0.252474007617937,0.934987280060885
"423","LQ35738143","PathWay_6",0.275477164181792,0.934987280060885
"424","LQ65622245","PathWay_21",0.952457455010976,0.994838346048221
"425","LQ82752768","PathWay_1",0.353319257300684,0.934987280060885
"426","LR71685244","PathWay_13",0.80289696530215,0.968653683616056
"427","LS71256918","PathWay_15",0.142216074414084,0.934987280060885
"428","LT13487295","PathWay_17",0.521736710631502,0.962574089839767
"429","LV68267634","PathWay_7",0.90025916754784,0.985958076141315
"430","LW13835234","PathWay_3",0.144859873994057,0.934987280060885
"431","LW28241751","PathWay_15",0.0586954915431678,0.934987280060885
"432","LW31362177","PathWay_10",0.601360453263564,0.962574089839767
"433","LW39814299","PathWay_1",0.0502435220737679,0.934987280060885
"434","LW56617852","PathWay_22",0.90044432395241,0.985958076141315
"435","LW88884451","PathWay_6",0.696074694522139,0.962574089839767
"436","LW91178392","PathWay_15",0.393026950552692,0.934987280060885
"437","LX59577464","PathWay_25",0.34055968776558,0.934987280060885
"438","LY74322863","PathWay_5",0.768338386817904,0.967439454617262
"439","LY84417349","PathWay_24",0.50482623396271,0.962574089839767
"440","LY88967267","PathWay_2",0.600547662941483,0.962574089839767
"441","LZ12957356","PathWay_5",0.109691463871899,0.934987280060885
"442","LZ69435711","PathWay_5",0.0982471039214493,0.934987280060885
"443","MA84275365","PathWay_10",0.255876369080178,0.934987280060885
"444","MB16945564","PathWay_9",0.671672682335032,0.962574089839767
"445","MB72657234","PathWay_8",0.79617870700098,0.968653683616056
"446","MD63932278","PathWay_5",0.641067859444071,0.962574089839767
"447","ME73551522","PathWay_3",0.776338362470993,0.96825861996432
"448","MG27311176","PathWay_21",0.255239769275481,0.934987280060885
"449","MH17251822","PathWay_24",0.718517984105976,0.962574089839767
"450","MI44794255","PathWay_10",0.0256091727714018,0.934987280060885
"451","MI48156678","PathWay_10",0.671396872612832,0.962574089839767
"452","MI91616389","PathWay_2",0.598924707255289,0.962574089839767
"453","MJ81722129","PathWay_21",0.618996614496996,0.962574089839767
"454","MK85569766","PathWay_13",0.463833159356616,0.962309459246091
"455","MK96473729","PathWay_24",0.432960808013773,0.934987280060885
"456","MN11558261","PathWay_23",0.131855904906932,0.934987280060885
"457","MP16492597","PathWay_6",0.65388484754082,0.962574089839767
"458","MP33719819","PathWay_16",0.654170879882771,0.962574089839767
"459","MP82916681","PathWay_9",0.893090534779239,0.985843116741148
"460","MP91167648","PathWay_10",0.309985399924689,0.934987280060885
"461","MQ42231474","PathWay_13",0.375461988579168,0.934987280060885
"462","MQ67792456","PathWay_21",0.223770381642402,0.934987280060885
"463","MQ74659266","PathWay_25",0.022274130092967,0.934987280060885
"464","MQ84967935","PathWay_11",0.65968510384516,0.962574089839767
"465","MR18347833","PathWay_11",0.825421518487091,0.973329817940379
"466","MR74426145","PathWay_4",0.609568946184489,0.962574089839767
"467","MR83898645","PathWay_7",0.506589917700949,0.962574089839767
"468","MS27391452","PathWay_12",0.0291249190687592,0.934987280060885
"469","MS63232347","PathWay_22",0.337597538964725,0.934987280060885
"470","MU72265147","PathWay_14",0.782704863446313,0.968653683616056
"471","MV12813941","PathWay_1",0.0971891828079872,0.934987280060885
"472","MV68178884","PathWay_5",0.530035811391042,0.962574089839767
"473","MX48998989","PathWay_20",0.62436456440493,0.962574089839767
"474","MY79182827","PathWay_10",0.730795022405264,0.962574089839767
"475","MZ64241582","PathWay_7",0.465803702068976,0.962574089839767
"476","NA49781365","PathWay_9",0.537188474677868,0.962574089839767
"477","NC19119314","PathWay_11",0.107032900078135,0.934987280060885
"478","ND83682723","PathWay_17",0.27040711444764,0.934987280060885
"479","NE75192191","PathWay_12",0.604044230591748,0.962574089839767
"480","NG57248985","PathWay_1",0.483408706835302,0.962574089839767
"481","NG81681792","PathWay_6",0.423966081132913,0.934987280060885
"482","NH38141814","PathWay_10",0.586823715548398,0.962574089839767
"483","NI48494882","PathWay_23",0.961720153267991,0.994838346048221
"484","NI55897291","PathWay_10",0.627034164040143,0.962574089839767
"485","NK18285194","PathWay_21",0.218482979943213,0.934987280060885
"486","NK75686557","PathWay_12",0.800099560134782,0.968653683616056
"487","NK93639731","PathWay_22",0.0238620966646261,0.934987280060885
"488","NL63254147","PathWay_10",0.432809976874343,0.934987280060885
"489","NO14788232","PathWay_10",0.67178909977166,0.962574089839767
"490","NO19696829","PathWay_24",0.360789627187391,0.934987280060885
"491","NO29488181","PathWay_6",0.238208119996718,0.934987280060885
"492","NO59966688","PathWay_10",0.815067173454762,0.971474580994948
"493","NQ66376243","PathWay_15",0.312335060120821,0.934987280060885
"494","NS28885759","PathWay_6",0.0378234774257762,0.934987280060885
"495","NT15755356","PathWay_21",0.952571329205182,0.994838346048221
"496","NT35192274","PathWay_25",0.751988060356332,0.962852830161757
"497","NU51892948","PathWay_5",0.632215668312988,0.962574089839767
"498","NV27816317","PathWay_23",0.547985206684815,0.962574089839767
"499","NW97629332","PathWay_1",0.244641152339705,0.934987280060885
"500","NY33439115","PathWay_24",0.255399432306615,0.934987280060885
"501","NY63783591","PathWay_6",0.435105019083588,0.934987280060885
"502","NY72662859","PathWay_9",0.257496423691633,0.934987280060885
"503","NY88431768","PathWay_22",0.118869692902859,0.934987280060885
"504","NZ47222582","PathWay_10",0.806594768650786,0.969227901571036
"505","NZ69929131","PathWay_5",0.644132419348555,0.962574089839767
"506","NZ93821117","PathWay_18",0.203758099811355,0.934987280060885
"507","OA52469269","PathWay_5",0.498622678108648,0.962574089839767
"508","OB18279563","PathWay_4",0.964024764538747,0.994838346048221
"509","OB25827312","PathWay_22",0.330929270082522,0.934987280060885
"510","OB64492887","PathWay_6",0.504414231261924,0.962574089839767
"511","OB74629873","PathWay_9",0.650986895870106,0.962574089839767
"512","OB96233128","PathWay_17",0.612401895112267,0.962574089839767
"513","OD84435178","PathWay_2",0.146338251556217,0.934987280060885
"514","OE32238946","PathWay_3",0.988152344273267,0.996649168361176
"515","OE94733511","PathWay_16",0.994655870024454,0.996649168361176
"516","OF25735142","PathWay_14",0.169596995997893,0.934987280060885
"517","OF54965455","PathWay_14",0.969635665658544,0.994838346048221
"518","OG49514394","PathWay_15",0.633296808744581,0.962574089839767
"519","OG55416998","PathWay_11",0.568684018751818,0.962574089839767
"520","OH37925274","PathWay_13",0.511614934453647,0.962574089839767
"521","OI96598919","PathWay_12",0.648870669153746,0.962574089839767
"522","OL38513474","PathWay_25",0.408890974003388,0.934987280060885
"523","OL68693831","PathWay_8",0.352393304581621,0.934987280060885
"524","OM42362521","PathWay_17",0.515901943073096,0.962574089839767
"525","ON29412447","PathWay_13",0.716251448640468,0.962574089839767
"526","ON71632868","PathWay_19",0.24724453431134,0.934987280060885
"527","OP12264374","PathWay_15",0.173253685956926,0.934987280060885
"528","OQ27822341","PathWay_10",0.588178845555528,0.962574089839767
"529","OQ43983431","PathWay_20",0.163908351801644,0.934987280060885
"530","OQ87583425","PathWay_10",0.253914595832202,0.934987280060885
"531","OS27266617","PathWay_15",0.735159966210059,0.962574089839767
"532","OS35844583","PathWay_10",0.109770199357401,0.934987280060885
"533","OT21338152","PathWay_13",0.646977369236498,0.962574089839767
"534","OT51748132","PathWay_21",0.0840879977786499,0.934987280060885
"535","OU76837818","PathWay_17",0.531209725865738,0.962574089839767
"536","OW19958342","PathWay_21",0.473421778353285,0.962574089839767
"537","OW61577233","PathWay_2",0.0650442448041505,0.934987280060885
"538","OW81247914","PathWay_10",0.670026547429587,0.962574089839767
"539","OW84618358","PathWay_13",0.261356925004224,0.934987280060885
"540","OW87672391","PathWay_3",0.695842521909784,0.962574089839767
"541","OW95571135","PathWay_21",0.191287776729212,0.934987280060885
"542","OX53225275","PathWay_2",0.214642544511438,0.934987280060885
"543","OY18799981","PathWay_16",0.341102707491813,0.934987280060885
"544","OY34696395","PathWay_14",0.968493940931646,0.994838346048221
"545","OZ44829695","PathWay_10",0.9087656589445,0.989615373849793
"546","OZ91474319","PathWay_13",0.394437253396883,0.934987280060885
"547","PA31951536","PathWay_3",0.144177224615913,0.934987280060885
"548","PA54589851","PathWay_6",0.745994919625819,0.962574089839767
"549","PA86565228","PathWay_11",0.162021458440658,0.934987280060885
"550","PB51883448","PathWay_19",0.567281347710641,0.962574089839767
"551","PB92256747","PathWay_15",0.259936413774462,0.934987280060885
"552","PD78671998","PathWay_8",0.494458675776538,0.962574089839767
"553","PE21468458","PathWay_4",0.339099976433655,0.934987280060885
"554","PE26585922","PathWay_13",0.314919166707446,0.934987280060885
"555","PE47358528","PathWay_3",0.655926661572792,0.962574089839767
"556","PE51184883","PathWay_19",0.063423628538846,0.934987280060885
"557","PG28243438","PathWay_23",0.96879430742769,0.994838346048221
"558","PG29288784","PathWay_8",0.559509216184534,0.962574089839767
"559","PG47347761","PathWay_23",0.198636536057283,0.934987280060885
"560","PG77546158","PathWay_6",0.984644191463641,0.996649168361176
"561","PH82881838","PathWay_7",0.693851112658331,0.962574089839767
"562","PH91883659","PathWay_19",0.256090029159362,0.934987280060885
"563","PI94526942","PathWay_16",0.591463831410563,0.962574089839767
"564","PJ88768761","PathWay_23",0.101290042632347,0.934987280060885
"565","PM31472462","PathWay_7",0.109209083344265,0.934987280060885
"566","PM94187761","PathWay_7",0.867596901275878,0.981138468131148
"567","PO41393255","PathWay_10",0.261783503990206,0.934987280060885
"568","PQ68329993","PathWay_23",0.89444789376028,0.985958076141315
"569","PQ88516114","PathWay_6",0.599305556475672,0.962574089839767
"570","PS22838242","PathWay_1",0.946637061849427,0.994838346048221
"571","PS26259528","PathWay_18",0.736284503513785,0.962574089839767
"572","PU25394583","PathWay_10",0.551243307721297,0.962574089839767
"573","PU96188712","PathWay_6",0.46990774578388,0.962574089839767
"574","PV28548876","PathWay_4",0.873131252038582,0.981138468131148
"575","PW56228136","PathWay_20",0.400652272184594,0.934987280060885
"576","PW98251437","PathWay_20",0.310928704210366,0.934987280060885
"577","PX56326133","PathWay_3",0.00247576971000666,0.618942427501664
"578","PX88868958","PathWay_19",0.722955275776686,0.962574089839767
"579","PY45767255","PathWay_14",0.936485341569465,0.994838346048221
"580","PY57483881","PathWay_15",0.236229807903182,0.934987280060885
"581","PY57988598","PathWay_11",0.722514171303642,0.962574089839767
"582","PY77833258","PathWay_18",0.292685865701864,0.934987280060885
"583","PZ54285137","PathWay_13",0.0869283694042984,0.934987280060885
"584","PZ68855743","PathWay_17",0.964925232868252,0.994838346048221
"585","QA65694794","PathWay_17",0.802340320868509,0.968653683616056
"586","QB24726874","PathWay_6",0.0762437243138157,0.934987280060885
"587","QB25281945","PathWay_1",0.504320873107198,0.962574089839767
"588","QC27349347","PathWay_6",0.412356893728155,0.934987280060885
"589","QC43437987","PathWay_24",0.414067586585588,0.934987280060885
"590","QF22563545","PathWay_18",0.61777807796457,0.962574089839767
"591","QF82769494","PathWay_25",0.742474001271508,0.962574089839767
"592","QG68882558","PathWay_18",0.884397432241303,0.983756876797889
"593","QG73733445","PathWay_12",0.326933505809901,0.934987280060885
"594","QH66727252","PathWay_10",0.351860589076502,0.934987280060885
"595","QI21288614","PathWay_22",0.954796132182336,0.994838346048221
"596","QI27389978","PathWay_5",0.317895831313645,0.934987280060885
"597","QJ11165577","PathWay_16",0.248579305022439,0.934987280060885
"598","QK67796655","PathWay_12",0.897437737999496,0.985958076141315
"599","QK69695613","PathWay_14",0.226310960314831,0.934987280060885
"600","QL25318373","PathWay_1",0.220921237972768,0.934987280060885
"601","QL59876295","PathWay_4",0.073344654489287,0.934987280060885
"602","QM32361584","PathWay_1",0.7120970371428,0.962574089839767
"603","QM66467565","PathWay_4",0.654060563629548,0.962574089839767
"604","QN12139181","PathWay_13",0.942001294191712,0.994838346048221
"605","QN29217869","PathWay_20",0.372166887114273,0.934987280060885
"606","QN54329236","PathWay_8",0.617769624344764,0.962574089839767
"607","QN79474711","PathWay_21",0.116218595716325,0.934987280060885
"608","QN95544986","PathWay_13",0.770407389732486,0.967439454617262
"609","QN96234873","PathWay_6",0.326136178565034,0.934987280060885
"610","QO31478279","PathWay_14",0.0585431416423856,0.934987280060885
"611","QO32967384","PathWay_13",0.990782504524425,0.996649168361176
"612","QO42597621","PathWay_11",0.669536883787315,0.962574089839767
"613","QP19991594","PathWay_22",0.899655235839687,0.985958076141315
"614","QR13149978","PathWay_7",0.271681929276272,0.934987280060885
"615","QR38898841","PathWay_3",0.354991136145491,0.934987280060885
"616","QR62641883","PathWay_25",0.55915667539177,0.962574089839767
"617","QR64329265","PathWay_16",0.156704820265066,0.934987280060885
"618","QS15314623","PathWay_4",0.0448563776947119,0.934987280060885
"619","QS21489314","PathWay_12",0.121905155966079,0.934987280060885
"620","QS38844364","PathWay_14",0.109209788574744,0.934987280060885
"621","QS54213412","PathWay_17",0.700932882228962,0.962574089839767
"622","QS94737639","PathWay_20",0.486804569004999,0.962574089839767
"623","QU23943682","PathWay_7",0.831157243614976,0.973723185611453
"624","QU55845595","PathWay_17",0.419121804484402,0.934987280060885
"625","QU83672334","PathWay_10",0.495696800386554,0.962574089839767
"626","QU94647656","PathWay_20",0.803013903717711,0.968653683616056
"627","QV18277557","PathWay_16",0.0289797169313431,0.934987280060885
"628","QV91954952","PathWay_10",0.250594756499951,0.934987280060885
"629","QW47899989","PathWay_17",0.36399115274884,0.934987280060885
"630","QW82988531","PathWay_17",0.844585079249978,0.976398935549108
"631","QX21667963","PathWay_14",0.240376632422282,0.934987280060885
"632","QX27637827","PathWay_8",0.282957267249629,0.934987280060885
"633","QX44454538","PathWay_23",0.278395253114269,0.934987280060885
"634","QY97986176","PathWay_25",0.336418884040422,0.934987280060885
"635","QZ29986192","PathWay_9",0.951770718102599,0.994838346048221
"636","QZ54456762","PathWay_9",0.534336921447807,0.962574089839767
"637","RA13486491","PathWay_14",0.429394902562354,0.934987280060885
"638","RA88374834","PathWay_5",0.367217062855964,0.934987280060885
"639","RB24676269","PathWay_18",0.688886168500963,0.962574089839767
"640","RB51581855","PathWay_24",0.204326794100039,0.934987280060885
"641","RB67849991","PathWay_11",0.364307728203996,0.934987280060885
"642","RB95557274","PathWay_8",0.812540398135606,0.969618613526977
"643","RC42984122","PathWay_1",0.1998511418213,0.934987280060885
"644","RC78199573","PathWay_15",0.792521598740883,0.968653683616056
"645","RC92187955","PathWay_6",0.611102741843363,0.962574089839767
"646","RD99774241","PathWay_14",0.991796486786592,0.996649168361176
"647","RE82721537","PathWay_8",0.744202816822026,0.962574089839767
"648","RF78922293","PathWay_12",0.670520101949419,0.962574089839767
"649","RG41642492","PathWay_14",0.399777897472633,0.934987280060885
"650","RG66744546","PathWay_23",0.4892926987139,0.962574089839767
"651","RG82751231","PathWay_5",0.0848668078242051,0.934987280060885
"652","RH48285693","PathWay_16",0.665882640366,0.962574089839767
"653","RH61544877","PathWay_16",0.17426450236359,0.934987280060885
"654","RJ53574122","PathWay_6",0.324368039404337,0.934987280060885
"655","RL27229414","PathWay_10",0.970123734638972,0.994838346048221
"656","RL55364737","PathWay_1",0.824938254278901,0.973329817940379
"657","RL72293311","PathWay_1",0.128385088342549,0.934987280060885
"658","RN27429253","PathWay_23",0.354993002584909,0.934987280060885
"659","RP73164613","PathWay_8",0.296786718119891,0.934987280060885
"660","RQ38344531","PathWay_22",0.930043356595796,0.994838346048221
"661","RT16152933","PathWay_15",0.910334285176125,0.989615373849793
"662","RT24734459","PathWay_6",0.749952873908827,0.962852830161757
"663","RT26248479","PathWay_2",0.978249284140364,0.996649168361176
"664","RU15129348","PathWay_13",0.224846247055008,0.934987280060885
"665","RU26154714","PathWay_21",0.888018878370331,0.984499865155577
"666","RV65913268","PathWay_6",0.830067127651781,0.973723185611453
"667","RW38569814","PathWay_16",0.142059519866093,0.934987280060885
"668","RX36765831","PathWay_2",0.809541859040484,0.969227901571036
"669","RX67496797","PathWay_7",0.669854076599694,0.962574089839767
"670","RY23732535","PathWay_10",0.0851494605316688,0.934987280060885
"671","RY79988683","PathWay_12",0.405346016679449,0.934987280060885
"672","RY82669763","PathWay_22",0.755147459705038,0.964428428742066
"673","SA41454587","PathWay_24",0.719113607547164,0.962574089839767
"674","SA48879545","PathWay_16",0.910643576539351,0.989615373849793
"675","SA53764288","PathWay_5",0.65123362697168,0.962574089839767
"676","SB46644431","PathWay_17",0.671346470852369,0.962574089839767
"677","SB67211737","PathWay_25",0.976062192832918,0.996649168361176
"678","SC21147685","PathWay_9",0.808553797601618,0.969227901571036
"679","SC87292757","PathWay_1",0.812009493517982,0.969618613526977
"680","SD63179585","PathWay_10",0.5663695680507,0.962574089839767
"681","SD71398519","PathWay_14",0.136968892878852,0.934987280060885
"682","SE31325872","PathWay_3",0.0444914456708188,0.934987280060885
"683","SF86384836","PathWay_15",0.603388728709458,0.962574089839767
"684","SG79494116","PathWay_13",0.399062377715532,0.934987280060885
"685","SI36933642","PathWay_4",0.497623357895536,0.962574089839767
"686","SI57247518","PathWay_23",0.0993208331340842,0.934987280060885
"687","SI81428944","PathWay_12",0.974979055733598,0.996649168361176
"688","SL17297312","PathWay_21",0.841865643012992,0.976398935549108
"689","SL93845534","PathWay_17",0.421415635471917,0.934987280060885
"690","SM14279241","PathWay_8",0.0444227503671997,0.934987280060885
"691","SM28959877","PathWay_18",0.95124100292225,0.994838346048221
"692","SM83136552","PathWay_8",0.832034675660769,0.973723185611453
"693","SM84632351","PathWay_11",0.127482345372524,0.934987280060885
"694","SN43464476","PathWay_6",0.31382306581538,0.934987280060885
"695","SN62912214","PathWay_25",0.420530636496326,0.934987280060885
"696","SN84778288","PathWay_21",0.302858421826676,0.934987280060885
"697","SO68335848","PathWay_18",0.756342931901407,0.964723127425264
"698","SP46723887","PathWay_15",0.938060600898532,0.994838346048221
"699","SP63767396","PathWay_15",0.726915309374216,0.962574089839767
"700","SP91985781","PathWay_6",0.182809548171717,0.934987280060885
"701","SP96656919","PathWay_12",0.42452174154588,0.934987280060885
"702","SP97137679","PathWay_2",0.252511172041265,0.934987280060885
"703","SQ13653736","PathWay_14",0.0334913386877277,0.934987280060885
"704","SQ15491862","PathWay_7",0.0612923049078909,0.934987280060885
"705","SQ47679344","PathWay_16",0.558772423479282,0.962574089839767
"706","SR27326118","PathWay_3",0.163957879714469,0.934987280060885
"707","ST19266974","PathWay_22",0.600801373645397,0.962574089839767
"708","ST31554719","PathWay_25",0.362300351217961,0.934987280060885
"709","SU76235984","PathWay_10",0.387814915260763,0.934987280060885
"710","SV94223618","PathWay_7",0.1809980044061,0.934987280060885
"711","SW37494894","PathWay_15",0.940677029017682,0.994838346048221
"712","SW56217959","PathWay_21",0.187916608558222,0.934987280060885
"713","SW82849222","PathWay_15",0.414484716654852,0.934987280060885
"714","SX29715579","PathWay_14",0.000944343058486808,0.618942427501664
"715","SX44285578","PathWay_18",0.688074837448176,0.962574089839767
"716","SX97264238","PathWay_25",0.612507595147421,0.962574089839767
"717","SY16578224","PathWay_20",0.211137823555912,0.934987280060885
"718","SY73361124","PathWay_22",0.0470649860169267,0.934987280060885
"719","SY93433245","PathWay_17",0.120299825549889,0.934987280060885
"720","SZ24765266","PathWay_7",0.582104393153683,0.962574089839767
"721","SZ85844133","PathWay_12",0.573480083564967,0.962574089839767
"722","TA21488884","PathWay_25",0.414054781614417,0.934987280060885
"723","TA35539253","PathWay_18",0.219856679655363,0.934987280060885
"724","TA47382662","PathWay_7",0.74006192111268,0.962574089839767
"725","TA76661942","PathWay_25",0.968086500114913,0.994838346048221
"726","TB76218788","PathWay_10",0.456010369037914,0.955996580792273
"727","TC16947922","PathWay_17",0.427694219132027,0.934987280060885
"728","TC57747168","PathWay_24",0.423137197139365,0.934987280060885
"729","TD14743415","PathWay_5",0.993911598309597,0.996649168361176
"730","TD38123397","PathWay_12",0.700866560657314,0.962574089839767
"731","TE51734187","PathWay_13",0.51820444889604,0.962574089839767
"732","TF53822455","PathWay_23",0.0915426233943878,0.934987280060885
"733","TG75681114","PathWay_19",0.929028059490067,0.994838346048221
"734","TI33667844","PathWay_22",0.414190366990548,0.934987280060885
"735","TI39846989","PathWay_2",0.538170966924752,0.962574089839767
"736","TI84969217","PathWay_20",0.798407510634058,0.968653683616056
"737","TK52411537","PathWay_5",0.0555511885233442,0.934987280060885
"738","TK87313568","PathWay_4",0.102720702333372,0.934987280060885
"739","TL32581491","PathWay_23",0.970962225743064,0.994838346048221
"740","TL48447553","PathWay_6",0.159277617549133,0.934987280060885
"741","TL67644445","PathWay_2",0.0294937211045752,0.934987280060885
"742","TN29389641","PathWay_21",0.325188518689895,0.934987280060885
"743","TN36781184","PathWay_15",0.581471843235966,0.962574089839767
"744","TN71322812","PathWay_22",0.213497326748426,0.934987280060885
"745","TN72772825","PathWay_11",0.749206787546541,0.962852830161757
"746","TO33626349","PathWay_4",0.450050530349727,0.947474800736268
"747","TO36591666","PathWay_13",0.678476560504919,0.962574089839767
"748","TO54438329","PathWay_6",0.231851899490076,0.934987280060885
"749","TQ81593931","PathWay_24",0.511919277045246,0.962574089839767
"750","TR23396477","PathWay_13",0.822271943133716,0.973329817940379
"751","TR29393694","PathWay_2",0.791044980773769,0.968653683616056
"752","TR84452273","PathWay_24",0.656035469255168,0.962574089839767
"753","TS14145991","PathWay_2",0.670622355569716,0.962574089839767
"754","TS21249868","PathWay_23",0.957053407709226,0.994838346048221
"755","TS46974344","PathWay_16",0.0555352046890163,0.934987280060885
"756","TS59862459","PathWay_18",0.482519517789252,0.962574089839767
"757","TS81394153","PathWay_14",0.102388512152498,0.934987280060885
"758","TU17469767","PathWay_12",0.959744220854858,0.994838346048221
"759","TU42386357","PathWay_15",0.863723402446269,0.981138468131148
"760","TU69754676","PathWay_1",0.12341540436073,0.934987280060885
"761","TV26336318","PathWay_25",0.854698752913777,0.979945583007614
"762","TV59929297","PathWay_16",0.761202277551629,0.966357500172035
"763","TV88236623","PathWay_21",0.167216153125391,0.934987280060885
"764","TX22413587","PathWay_25",0.728308286913489,0.962574089839767
"765","TX98779142","PathWay_16",0.780416447691242,0.96825861996432
"766","TY16133697","PathWay_6",0.771293701772128,0.967439454617262
"767","TY35534381","PathWay_3",0.149080760005724,0.934987280060885
"768","TZ26687215","PathWay_6",0.103574205419864,0.934987280060885
"769","UA19163766","PathWay_21",0.757324936607374,0.964745142174999
"770","UA27238513","PathWay_24",0.403815185088502,0.934987280060885
"771","UA53568891","PathWay_20",0.333562774873077,0.934987280060885
"772","UA97334696","PathWay_10",0.573864246383966,0.962574089839767
"773","UD13434529","PathWay_17",0.75884409195066,0.965450498664962
"774","UE39738273","PathWay_22",0.0711212018281222,0.934987280060885
"775","UF23286499","PathWay_14",0.417081243621874,0.934987280060885
"776","UF84519665","PathWay_1",0.232941797743909,0.934987280060885
"777","UG36238721","PathWay_4",0.796111285684028,0.968653683616056
"778","UG94318487","PathWay_4",0.52047023244503,0.962574089839767
"779","UH53919927","PathWay_5",0.979203037282204,0.996649168361176
"780","UH65591834","PathWay_19",0.742844507815818,0.962574089839767
"781","UH66732431","PathWay_11",0.132209259674126,0.934987280060885
"782","UH73398838","PathWay_25",0.129882284913362,0.934987280060885
"783","UI23573891","PathWay_15",0.635538314090282,0.962574089839767
"784","UI37771614","PathWay_10",0.31690810760759,0.934987280060885
"785","UI51537694","PathWay_9",0.239666080563666,0.934987280060885
"786","UJ11437277","PathWay_3",0.913414990063359,0.989615373849793
"787","UJ24487824","PathWay_5",0.102984158261628,0.934987280060885
"788","UJ75311573","PathWay_6",0.0103921189817058,0.934987280060885
"789","UK21671652","PathWay_15",0.774846750178385,0.96825861996432
"790","UK71196855","PathWay_15",0.161165549230593,0.934987280060885
"791","UK77985123","PathWay_9",0.965410968180872,0.994838346048221
"792","UL35746241","PathWay_20",0.144036186455466,0.934987280060885
"793","UN79274527","PathWay_11",0.307440759057906,0.934987280060885
"794","UN94917136","PathWay_22",0.261962843234874,0.934987280060885
"795","UO73523448","PathWay_13",0.0612489396889768,0.934987280060885
"796","UP34124972","PathWay_14",0.325463680112124,0.934987280060885
"797","UP39397758","PathWay_8",0.411678192739395,0.934987280060885
"798","UP42135486","PathWay_15",0.206149910953056,0.934987280060885
"799","UR28871311","PathWay_20",0.250846539807385,0.934987280060885
"800","UR88519728","PathWay_20",0.285659119914499,0.934987280060885
"801","US43972292","PathWay_22",0.279606131621098,0.934987280060885
"802","US51356541","PathWay_15",0.351876580501457,0.934987280060885
"803","UT19738394","PathWay_4",0.222137929890819,0.934987280060885
"804","UV62723475","PathWay_3",0.470209951947537,0.962574089839767
"805","UW29394467","PathWay_19",0.243838129285167,0.934987280060885
"806","UW38642534","PathWay_5",0.0656858682888511,0.934987280060885
"807","UW58123681","PathWay_2",0.0261734137860761,0.934987280060885
"808","UW61381484","PathWay_15",0.343884394941126,0.934987280060885
"809","UW83722922","PathWay_4",0.835454493254627,0.973723185611453
"810","UX22225515","PathWay_20",0.536048039654643,0.962574089839767
"811","UZ46224891","PathWay_9",0.154277889075684,0.934987280060885
"812","VA95231427","PathWay_15",0.841870369833302,0.976398935549108
"813","VB81325316","PathWay_9",0.0947950250129397,0.934987280060885
"814","VB82729772","PathWay_4",0.216316470383693,0.934987280060885
"815","VC28391991","PathWay_14",0.703713761251475,0.962574089839767
"816","VC29764417","PathWay_23",0.0312381120233647,0.934987280060885
"817","VC67449578","PathWay_3",0.548224058506246,0.962574089839767
"818","VD46251558","PathWay_25",0.26697472375582,0.934987280060885
"819","VD89988423","PathWay_23",0.687296696216734,0.962574089839767
"820","VF16727115","PathWay_1",0.377137119984025,0.934987280060885
"821","VF35161639","PathWay_10",0.614634455892895,0.962574089839767
"822","VF84139254","PathWay_6",0.593774329648594,0.962574089839767
"823","VG85615879","PathWay_19",0.509645999464802,0.962574089839767
"824","VH13288358","PathWay_17",0.0808221120979284,0.934987280060885
"825","VH19143637","PathWay_7",0.145232034048349,0.934987280060885
"826","VJ22111537","PathWay_6",0.741051109946344,0.962574089839767
"827","VJ95155844","PathWay_16",0.0739299147126053,0.934987280060885
"828","VK35885334","PathWay_13",0.949516561476361,0.994838346048221
"829","VK71955271","PathWay_15",0.228405415270147,0.934987280060885
"830","VK76994914","PathWay_23",0.315913413587009,0.934987280060885
"831","VN31138331","PathWay_14",0.342563415052868,0.934987280060885
"832","VN64858848","PathWay_3",0.458689487128642,0.957598094214284
"833","VN68633133","PathWay_15",0.848568650983115,0.977658038053201
"834","VO38133698","PathWay_11",0.55350636387901,0.962574089839767
"835","VO41753787","PathWay_7",0.806374423100863,0.969227901571036
"836","VO44334575","PathWay_2",0.938108032361061,0.994838346048221
"837","VP75712852","PathWay_22",0.324618518114027,0.934987280060885
"838","VQ44762633","PathWay_22",0.0707612350009141,0.934987280060885
"839","VQ53897117","PathWay_2",0.994522048270792,0.996649168361176
"840","VQ69553925","PathWay_22",0.939780704733563,0.994838346048221
"841","VS35775331","PathWay_17",0.609555062416469,0.962574089839767
"842","VS62552565","PathWay_10",0.260066858357196,0.934987280060885
"843","VT72542984","PathWay_7",0.427650578555382,0.934987280060885
"844","VT77768975","PathWay_23",0.362184925769516,0.934987280060885
"845","VT87144947","PathWay_14",0.738557562663814,0.962574089839767
"846","VU29379966","PathWay_12",0.188492158700225,0.934987280060885
"847","VU72511482","PathWay_2",0.245988019257019,0.934987280060885
"848","VW53942391","PathWay_20",0.40069487669576,0.934987280060885
"849","VY18414343","PathWay_17",0.478000918240261,0.962574089839767
"850","VY21587873","PathWay_18",0.736783209116556,0.962574089839767
"851","VZ67129815","PathWay_1",0.557236042561232,0.962574089839767
"852","WA41154697","PathWay_23",0.519595371339766,0.962574089839767
"853","WA89853558","PathWay_5",0.855492493965647,0.979945583007614
"854","WB37862713","PathWay_11",0.558413341764683,0.962574089839767
"855","WB67673855","PathWay_20",0.0493971266689921,0.934987280060885
"856","WC21963467","PathWay_12",0.154998312685002,0.934987280060885
"857","WC47831128","PathWay_12",0.483437905339708,0.962574089839767
"858","WC91333889","PathWay_7",0.785051401415028,0.968653683616056
"859","WF92361167","PathWay_2",0.960214046657662,0.994838346048221
"860","WG18877776","PathWay_6",0.252677138626908,0.934987280060885
"861","WH97542833","PathWay_1",0.551244559470208,0.962574089839767
"862","WH97742288","PathWay_6",0.862500342746517,0.981138468131148
"863","WK71939328","PathWay_4",0.640629767707898,0.962574089839767
"864","WL52936456","PathWay_20",0.984968107972017,0.996649168361176
"865","WL72231394","PathWay_14",0.143626864584156,0.934987280060885
"866","WM38374224","PathWay_16",0.382660455722124,0.934987280060885
"867","WM46562988","PathWay_15",0.668653048875641,0.962574089839767
"868","WM64832534","PathWay_6",0.73916366325448,0.962574089839767
"869","WN14158122","PathWay_13",0.928975445261542,0.994838346048221
"870","WN54287647","PathWay_23",0.156362550258369,0.934987280060885
"871","WN57483734","PathWay_8",0.904942061239314,0.988367811761071
"872","WO21282967","PathWay_16",0.10896686233385,0.934987280060885
"873","WO22718153","PathWay_13",0.0841759930650402,0.934987280060885
"874","WO84569554","PathWay_14",0.887984895832459,0.984499865155577
"875","WP44972563","PathWay_15",0.644136179477558,0.962574089839767
"876","WQ39177121","PathWay_13",0.732894051085764,0.962574089839767
"877","WQ75929568","PathWay_5",0.665054126091329,0.962574089839767
"878","WR63732964","PathWay_10",0.372167810931178,0.934987280060885
"879","WR86259124","PathWay_6",0.779675698449909,0.96825861996432
"880","WR95588343","PathWay_24",0.208821968740381,0.934987280060885
"881","WR96738532","PathWay_10",0.346611720408876,0.934987280060885
"882","WR98522848","PathWay_14",0.718917949850878,0.962574089839767
"883","WS27298727","PathWay_15",0.718556875548326,0.962574089839767
"884","WU17881759","PathWay_21",0.188443166082035,0.934987280060885
"885","WU74612497","PathWay_1",0.71698295712686,0.962574089839767
"886","WV69465327","PathWay_7",0.310489168968147,0.934987280060885
"887","WX28542877","PathWay_10",0.50292678136565,0.962574089839767
"888","WX55376946","PathWay_23",0.389055651921742,0.934987280060885
"889","XB84443958","PathWay_6",0.652254900663655,0.962574089839767
"890","XC24679152","PathWay_10",0.364500258904745,0.934987280060885
"891","XC61133486","PathWay_9",0.300405645516342,0.934987280060885
"892","XD32972938","PathWay_3",0.968241862961374,0.994838346048221
"893","XD42576985","PathWay_13",0.563864860134327,0.962574089839767
"894","XE37833359","PathWay_16",0.875235825813956,0.981138468131148
"895","XE74911112","PathWay_2",0.841190726508715,0.976398935549108
"896","XF25373212","PathWay_8",0.383140233676951,0.934987280060885
"897","XF62999438","PathWay_25",0.00708764402298082,0.934987280060885
"898","XH34764921","PathWay_15",0.334494094352566,0.934987280060885
"899","XH48937954","PathWay_5",0.236601831568693,0.934987280060885
"900","XH96899183","PathWay_10",0.473889172535203,0.962574089839767
"901","XI43815472","PathWay_7",0.553905527475658,0.962574089839767
"902","XJ41278149","PathWay_25",0.38524111252519,0.934987280060885
"903","XJ65144579","PathWay_13",0.98982047633397,0.996649168361176
"904","XJ82592289","PathWay_16",0.733786439722563,0.962574089839767
"905","XK37981537","PathWay_12",0.38461390641245,0.934987280060885
"906","XK94317993","PathWay_24",0.726209046799064,0.962574089839767
"907","XL35235795","PathWay_20",0.745981860698446,0.962574089839767
"908","XM48834968","PathWay_4",0.68425986667193,0.962574089839767
"909","XM65433441","PathWay_14",0.574921149692142,0.962574089839767
"910","XN15794539","PathWay_10",0.89257465958474,0.985843116741148
"911","XN53172266","PathWay_21",0.745172722016534,0.962574089839767
"912","XN56132395","PathWay_8",0.937481427189427,0.994838346048221
"913","XN65215681","PathWay_4",0.142187877123116,0.934987280060885
"914","XO24294864","PathWay_22",0.672883167133783,0.962574089839767
"915","XO56543121","PathWay_24",0.79747356381216,0.968653683616056
"916","XO63235186","PathWay_25",0.799259599346195,0.968653683616056
"917","XP95314561","PathWay_4",0.952537435804219,0.994838346048221
"918","XQ31959657","PathWay_16",0.957224161983657,0.994838346048221
"919","XQ98228121","PathWay_21",0.148117541218588,0.934987280060885
"920","XS14692636","PathWay_21",0.10115742866565,0.934987280060885
"921","XS47591732","PathWay_21",0.447851029246321,0.944833395034432
"922","XS47726793","PathWay_16",0.749301002965106,0.962852830161757
"923","XS48294948","PathWay_3",0.698511952421791,0.962574089839767
"924","XS87367755","PathWay_16",0.521832782694632,0.962574089839767
"925","XT42719648","PathWay_19",0.259231896846353,0.934987280060885
"926","XT45342491","PathWay_15",0.87151261055098,0.981138468131148
"927","XU55654746","PathWay_19",0.304310574904837,0.934987280060885
"928","XU98173599","PathWay_20",0.778010563841715,0.96825861996432
"929","XV23482877","PathWay_15",0.239898546837683,0.934987280060885
"930","XV62771868","PathWay_23",0.314292656967859,0.934987280060885
"931","XW83284252","PathWay_1",0.43761721633815,0.935079522090065
"932","YA39361988","PathWay_9",0.436639059788433,0.934987280060885
"933","YA96676654","PathWay_22",0.912794277440485,0.989615373849793
"934","YB39235915","PathWay_12",0.242129861476821,0.934987280060885
"935","YB99573826","PathWay_25",0.33477084081641,0.934987280060885
"936","YC73847144","PathWay_12",0.876151475256348,0.981138468131148
"937","YD98696839","PathWay_8",0.765157433321141,0.967439454617262
"938","YF77486913","PathWay_21",0.231373363200641,0.934987280060885
"939","YF81898381","PathWay_23",0.274274369175472,0.934987280060885
"940","YF99979976","PathWay_4",0.751555972789029,0.962852830161757
"941","YH47461329","PathWay_14",0.202115474235739,0.934987280060885
"942","YH65373242","PathWay_8",0.409264430662853,0.934987280060885
"943","YI85749391","PathWay_7",0.21250075433197,0.934987280060885
"944","YI93764438","PathWay_15",0.729398340846005,0.962574089839767
"945","YJ28564789","PathWay_20",0.325558319745251,0.934987280060885
"946","YJ89425979","PathWay_10",0.992614353622161,0.996649168361176
"947","YJ94641731","PathWay_8",0.625670339897133,0.962574089839767
"948","YK37273619","PathWay_25",0.158013101923215,0.934987280060885
"949","YK87282227","PathWay_6",0.0196327472552129,0.934987280060885
"950","YL14166489","PathWay_21",0.40553652153832,0.934987280060885
"951","YM13316198","PathWay_23",0.761489710135564,0.966357500172035
"952","YM62346996","PathWay_17",0.623142873496888,0.962574089839767
"953","YO45483616","PathWay_3",0.858526841207744,0.981138468131148
"954","YO99988758","PathWay_2",0.255956274777994,0.934987280060885
"955","YQ39889834","PathWay_24",0.0806263819533812,0.934987280060885
"956","YS41563795","PathWay_22",0.337653479103407,0.934987280060885
"957","YT42328735","PathWay_3",0.462792220198766,0.962145987939222
"958","YT54186887","PathWay_16",0.588452079132086,0.962574089839767
"959","YT55739646","PathWay_15",0.202226398579552,0.934987280060885
"960","YT58848784","PathWay_16",0.86528884639636,0.981138468131148
"961","YU22766493","PathWay_7",0.876025093426483,0.981138468131148
"962","YU27681466","PathWay_2",0.283992231169933,0.934987280060885
"963","YU32655884","PathWay_23",0.624430238733967,0.962574089839767
"964","YU56271169","PathWay_7",0.843105890397604,0.976398935549108
"965","YV84316535","PathWay_8",0.358712642313989,0.934987280060885
"966","YV86677779","PathWay_4",0.391164615408501,0.934987280060885
"967","YW18141755","PathWay_7",0.0639977496538024,0.934987280060885
"968","YZ34662962","PathWay_5",0.119655141198148,0.934987280060885
"969","YZ94681339","PathWay_13",0.408739486578834,0.934987280060885
"970","ZB25639324","PathWay_23",0.19134410758539,0.934987280060885
"971","ZB72449125","PathWay_21",0.00833455583903398,0.934987280060885
"972","ZC68392896","PathWay_20",0.00713919039200527,0.934987280060885
"973","ZC92275679","PathWay_13",0.311136673276561,0.934987280060885
"974","ZD19741123","PathWay_24",0.684106343329508,0.962574089839767
"975","ZD32345549","PathWay_18",0.692546829641251,0.962574089839767
"976","ZD43543844","PathWay_1",0.87781672598803,0.981138468131148
"977","ZE13688334","PathWay_14",0.497100391044483,0.962574089839767
"978","ZE57361636","PathWay_9",0.204483140585449,0.934987280060885
"979","ZE76669544","PathWay_4",0.47723125800471,0.962574089839767
"980","ZE88633625","PathWay_15",0.687227979021856,0.962574089839767
"981","ZF79912746","PathWay_19",0.138727915862946,0.934987280060885
"982","ZG41456513","PathWay_16",0.313586483974343,0.934987280060885
"983","ZK19624339","PathWay_5",0.98095795652075,0.996649168361176
"984","ZK38332239","PathWay_21",0.338130787481592,0.934987280060885
"985","ZK91511917","PathWay_9",0.616818654212845,0.962574089839767
"986","ZL12311826","PathWay_6",0.0693554601865025,0.934987280060885
"987","ZM37573672","PathWay_21",0.605640999256912,0.962574089839767
"988","ZM42746528","PathWay_24",0.865815977403581,0.981138468131148
"989","ZN59733717","PathWay_7",0.744903862751018,0.962574089839767
"990","ZO78598681","PathWay_14",0.547452527246133,0.962574089839767
"991","ZP69655851","PathWay_9",0.64000665949332,0.962574089839767
"992","ZR32185854","PathWay_25",0.0167841309366042,0.934987280060885
"993","ZS14393953","PathWay_16",0.112966937870516,0.934987280060885
"994","ZS51679885","PathWay_16",0.714693075261567,0.962574089839767
"995","ZT54375731","PathWay_9",0.398936387543838,0.934987280060885
"996","ZV52298588","PathWay_22",0.153764128199156,0.934987280060885
"997","ZV95438994","PathWay_10",0.931700376029097,0.994838346048221
"998","ZW73915928","PathWay_7",0.588543221605411,0.962574089839767
"999","ZX35259621","PathWay_20",0.823163931023774,0.973329817940379
"1000","ZY52992367","PathWay_15",0.339420868272291,0.934987280060885
